{
  "COVID Crash (Feb-Mar 2020)": {
    "Equal Weight_total_return": -0.25869336156204803,
    "Equal Weight_max_drawdown": -0.3053107904257211,
    "Equal Weight_annualized_volatility": 0.8839208670749977,
    "Equal Weight_worst_day": -0.1358553885173085,
    "Equal Weight_best_day": 0.1130286435636362,
    "Equal Weight_trading_days": 24,
    "Momentum_total_return": -0.25869336156204803,
    "Momentum_max_drawdown": -0.3053107904257211,
    "Momentum_annualized_volatility": 0.8839208670749977,
    "Momentum_worst_day": -0.1358553885173085,
    "Momentum_best_day": 0.1130286435636362,
    "Momentum_trading_days": 24,
    "Mean Reversion_total_return": -0.25869336156204803,
    "Mean Reversion_max_drawdown": -0.3053107904257211,
    "Mean Reversion_annualized_volatility": 0.8839208670749977,
    "Mean Reversion_worst_day": -0.13585538851730852,
    "Mean Reversion_best_day": 0.1130286435636362,
    "Mean Reversion_trading_days": 24,
    "Multi-Factor_total_return": -0.25869336156204803,
    "Multi-Factor_max_drawdown": -0.3053107904257211,
    "Multi-Factor_annualized_volatility": 0.8839208670749977,
    "Multi-Factor_worst_day": -0.1358553885173085,
    "Multi-Factor_best_day": 0.1130286435636362,
    "Multi-Factor_trading_days": 24,
    "Low Volatility_total_return": -0.25869336156204803,
    "Low Volatility_max_drawdown": -0.3053107904257211,
    "Low Volatility_annualized_volatility": 0.8839208670749977,
    "Low Volatility_worst_day": -0.1358553885173085,
    "Low Volatility_best_day": 0.1130286435636362,
    "Low Volatility_trading_days": 24,
    "Risk Parity_total_return": -0.25869336156204803,
    "Risk Parity_max_drawdown": -0.3053107904257211,
    "Risk Parity_annualized_volatility": 0.8839208670749977,
    "Risk Parity_worst_day": -0.1358553885173085,
    "Risk Parity_best_day": 0.1130286435636362,
    "Risk Parity_trading_days": 24,
    "HRP_total_return": -0.25869336156204803,
    "HRP_max_drawdown": -0.3053107904257211,
    "HRP_annualized_volatility": 0.8839208670749977,
    "HRP_worst_day": -0.1358553885173085,
    "HRP_best_day": 0.1130286435636362,
    "HRP_trading_days": 24,
    "Min Variance_total_return": -0.25869336156204803,
    "Min Variance_max_drawdown": -0.3053107904257211,
    "Min Variance_annualized_volatility": 0.8839208670749977,
    "Min Variance_worst_day": -0.1358553885173085,
    "Min Variance_best_day": 0.1130286435636362,
    "Min Variance_trading_days": 24
  },
  "COVID Recovery (Mar-Aug 2020)": {
    "Equal Weight_total_return": 0.8956059605665734,
    "Equal Weight_max_drawdown": -0.054769739771898605,
    "Equal Weight_annualized_volatility": 0.34116583670496586,
    "Equal Weight_worst_day": -0.05445618417887293,
    "Equal Weight_best_day": 0.07998784876468346,
    "Equal Weight_trading_days": 112,
    "Momentum_total_return": 0.8956059605665734,
    "Momentum_max_drawdown": -0.054769739771898605,
    "Momentum_annualized_volatility": 0.34116583670496586,
    "Momentum_worst_day": -0.05445618417887293,
    "Momentum_best_day": 0.07998784876468346,
    "Momentum_trading_days": 112,
    "Mean Reversion_total_return": 0.9191965234640214,
    "Mean Reversion_max_drawdown": -0.05495093814439491,
    "Mean Reversion_annualized_volatility": 0.350918331284494,
    "Mean Reversion_worst_day": -0.05422364826264715,
    "Mean Reversion_best_day": 0.07998784876468346,
    "Mean Reversion_trading_days": 112,
    "Multi-Factor_total_return": 0.8956059605665734,
    "Multi-Factor_max_drawdown": -0.054769739771898605,
    "Multi-Factor_annualized_volatility": 0.34116583670496586,
    "Multi-Factor_worst_day": -0.05445618417887293,
    "Multi-Factor_best_day": 0.07998784876468346,
    "Multi-Factor_trading_days": 112,
    "Low Volatility_total_return": 0.8156386860227547,
    "Low Volatility_max_drawdown": -0.05488687230625509,
    "Low Volatility_annualized_volatility": 0.33177674972510585,
    "Low Volatility_worst_day": -0.052693317197338094,
    "Low Volatility_best_day": 0.07998784876468346,
    "Low Volatility_trading_days": 112,
    "Risk Parity_total_return": 0.8956059605665734,
    "Risk Parity_max_drawdown": -0.054769739771898605,
    "Risk Parity_annualized_volatility": 0.34116583670496586,
    "Risk Parity_worst_day": -0.05445618417887293,
    "Risk Parity_best_day": 0.07998784876468346,
    "Risk Parity_trading_days": 112,
    "HRP_total_return": 0.8956059605665734,
    "HRP_max_drawdown": -0.054769739771898605,
    "HRP_annualized_volatility": 0.34116583670496586,
    "HRP_worst_day": -0.05445618417887293,
    "HRP_best_day": 0.07998784876468346,
    "HRP_trading_days": 112,
    "Min Variance_total_return": 0.8956059605665734,
    "Min Variance_max_drawdown": -0.054769739771898605,
    "Min Variance_annualized_volatility": 0.34116583670496586,
    "Min Variance_worst_day": -0.05445618417887293,
    "Min Variance_best_day": 0.07998784876468346,
    "Min Variance_trading_days": 112
  },
  "2022 Bear Market (Jan-Oct 2022)": {
    "Equal Weight_total_return": -0.4270556454563291,
    "Equal Weight_max_drawdown": -0.4400707272837825,
    "Equal Weight_annualized_volatility": 0.38506014656430815,
    "Equal Weight_worst_day": -0.06330996650613886,
    "Equal Weight_best_day": 0.05243410102008387,
    "Equal Weight_trading_days": 196,
    "Momentum_total_return": -0.41857473240011334,
    "Momentum_max_drawdown": -0.43370331370414095,
    "Momentum_annualized_volatility": 0.3854046163211647,
    "Momentum_worst_day": -0.0595653249606079,
    "Momentum_best_day": 0.0494948531213678,
    "Momentum_trading_days": 196,
    "Mean Reversion_total_return": -0.37597164523327653,
    "Mean Reversion_max_drawdown": -0.3895266912745613,
    "Mean Reversion_annualized_volatility": 0.3873847066603817,
    "Mean Reversion_worst_day": -0.0643977817271983,
    "Mean Reversion_best_day": 0.058258187494826266,
    "Mean Reversion_trading_days": 196,
    "Multi-Factor_total_return": -0.41333730543097746,
    "Multi-Factor_max_drawdown": -0.4242979488436374,
    "Multi-Factor_annualized_volatility": 0.3669015852482163,
    "Multi-Factor_worst_day": -0.059495729599077306,
    "Multi-Factor_best_day": 0.04864418176604578,
    "Multi-Factor_trading_days": 196,
    "Low Volatility_total_return": -0.4149287174944898,
    "Low Volatility_max_drawdown": -0.42482950059881225,
    "Low Volatility_annualized_volatility": 0.3566717723437448,
    "Low Volatility_worst_day": -0.0604584486644657,
    "Low Volatility_best_day": 0.04666916474882406,
    "Low Volatility_trading_days": 196,
    "Risk Parity_total_return": -0.4096790154843175,
    "Risk Parity_max_drawdown": -0.42022765479172036,
    "Risk Parity_annualized_volatility": 0.35197247918199026,
    "Risk Parity_worst_day": -0.059238954726907864,
    "Risk Parity_best_day": 0.04671790637215581,
    "Risk Parity_trading_days": 196,
    "HRP_total_return": -0.39743542755727856,
    "HRP_max_drawdown": -0.4056272800303249,
    "HRP_annualized_volatility": 0.3223189494780533,
    "HRP_worst_day": -0.055218551847745934,
    "HRP_best_day": 0.041059165275190386,
    "HRP_trading_days": 196,
    "Min Variance_total_return": -0.3829952342513574,
    "Min Variance_max_drawdown": -0.3900478219035639,
    "Min Variance_annualized_volatility": 0.28717849343935903,
    "Min Variance_worst_day": -0.049529282315926036,
    "Min Variance_best_day": 0.03509493768051436,
    "Min Variance_trading_days": 196
  },
  "2022 Recovery (Oct-Dec 2022)": {
    "Equal Weight_total_return": 0.029793840348112388,
    "Equal Weight_max_drawdown": -0.14061995419310525,
    "Equal Weight_annualized_volatility": 0.3849954536687659,
    "Equal Weight_worst_day": -0.03862664960158301,
    "Equal Weight_best_day": 0.09000993593983028,
    "Equal Weight_trading_days": 55,
    "Momentum_total_return": 0.010998867515190858,
    "Momentum_max_drawdown": -0.1354161326987011,
    "Momentum_annualized_volatility": 0.36717627727768287,
    "Momentum_worst_day": -0.03757570180856311,
    "Momentum_best_day": 0.08622742201184849,